sample	condition	replicate
Cold_Tan23_1	cold	1
Cold_Tan23_2	cold	2
Cold_Tan23_3	cold	3
Dark_Tan23_1	darkness	1
Dark_Tan23_2	darkness	2
Dark_Tan23_3	darkness	3
Heat_Tan23_1	heat	1
Heat_Tan23_2	heat	2
Heat_Tan23_3	heat	3
HighLight_Tan23_1	high_light	1
HighLight_Tan23_2	high_light	2
HighLight_Tan23_3	high_light	3
Osmotic_Tan23_1	osmotic	1
Osmotic_Tan23_2	osmotic	2
Osmotic_Tan23_3	osmotic	3
NitrogenDef_Tan23_1	nitrogen_deficiency	1
NitrogenDef_Tan23_2	nitrogen_deficiency	2
NitrogenDef_Tan23_3	nitrogen_deficiency	3
Salt_Tan23_1	salt	1
Salt_Tan23_2	salt	2
Salt_Tan23_3	salt	3
Control_Tan23_1	control	1
Control_Tan23_2	control	2
Control_Tan23_3	control	3